FastSpeedChanges,17:22:02.6355712
(0, (160, 300, 200)),17:22:08.8188928
