FastSpeedChanges,17:21:05.8855168
(0, (-65, 300, 200)),17:21:12.0560384
